,state,actions,q_value
0,0,0,3.287547687789106
1,0,1,1.316584590920898
2,0,2,3.8962982980682077
3,0,3,5.748222126077385
4,1,0,2.754201881886129
5,1,1,6.866913265876645
6,1,2,2.799615878405127
7,1,3,2.79427819625745
8,2,0,4.666693597840611
9,2,1,0.6880152408856205
10,2,2,1.6666666668663639
11,2,3,0.8537272719889482
12,3,0,4.800018
13,3,1,2.0
14,3,2,5.0
15,3,3,2.0
16,4,0,2.0
17,4,1,2.0
18,4,2,3.0
19,4,3,5.0
20,5,0,2.0
21,5,1,5.0
22,5,2,3.0
23,5,3,3.0
24,6,0,0.0
25,6,1,0.0
26,6,2,0.0
27,6,3,0.0
